id,first_name,last_name,created_at,phone
"66515986-aea3-4064-85aa-d38442e12da9","Joy","Boy","2023-10-23T13:49:48.000000Z","2348119418657"
"2080f280-1e26-4656-9216-60999b30226a","Calmday","dave","2023-10-14T21:27:12.000000Z","2349123456789"
"6556c33a-0bfe-49dc-9815-b8ad8706a331","Jay","Leno","2023-08-26T20:26:53.000000Z","2348122652799"
"05dfb37d-9e5d-40c8-a9a7-5e3462c76227","Akintunde","Owojori","2023-04-11T11:27:26.000000Z","2348088513703"
"5b5ce333-7a4d-4847-94d9-7186b68a0d3b","Abednego","Obaah","2023-05-23T15:47:15.000000Z","2349058389203"
"de8d036e-be3c-4cc0-9fac-dc843ebe14c6","John","Tes","2023-08-26T11:24:23.000000Z","2348147526326"
"ceb5837c-2888-4bf2-8797-b154281d9025","Abed","Obaah","2023-05-31T19:57:05.000000Z","2349058389204"
"02721606-b656-4755-8470-bb4099cc3313","Noble","elbon","2023-06-06T14:10:38.000000Z","2348148267096"
"264c07c9-ca85-4ad2-8c08-8b8838467bdd","Test","Test","2023-08-26T11:15:13.000000Z","2348147526325"
"214ecd86-a270-4882-b58e-9cadaf68fb05","Ubah","Obaah","2023-06-08T18:44:44.000000Z","2348102652793"
"45fe95fd-9a37-4a33-8178-7f1e50154eab","David","David","2023-08-17T11:09:01.000000Z","2348102652798"
"1cdd3e49-ab44-475e-b377-181642fc064b","Jj","Yuiop","2023-06-30T11:56:36.000000Z","2349058389205"
"c19e9336-d2bb-42e5-9f7c-673fccaa26eb","Jay","Garrick","2023-06-30T19:21:43.000000Z","2348084501784"
"290b8d49-9446-4989-8e74-87425715ff6c","Ch√°cara","Santo","2023-07-03T08:56:05.000000Z","2349058389208"
"92e864a2-a16c-4949-9922-8dabd317d3e5","John","Doe","2023-07-03T12:29:28.000000Z","2348142563985"
"5fe52bc8-4504-4087-873b-cd2f2b1ee7c0","Tresfy","Abed","2023-07-03T13:51:27.000000Z","2348102652792"
"925c0b6e-e735-4487-9f83-6ccb517ec093","Abed","Asd","2023-07-03T14:31:39.000000Z","2348102562795"
"6b0db89e-f294-467f-9cea-d84e9bd3caee","Joe","Boa","2023-07-04T09:22:03.000000Z","2348102652799"
"ecef9672-6678-4f21-b31e-4aa0a72ffbc9","Ssdt","Obaah","2023-07-05T08:25:50.000000Z","2349058389200"
"7ec4690a-1a55-422b-9454-aa3680be2977","Rum","Obaah","2023-07-05T08:26:58.000000Z","2349058389201"
"14dec5ed-e789-4397-ba62-d600a6737bb2","Rum","Fggf","2023-07-05T08:27:29.000000Z","2349058389202"
"b1699777-d1f1-424e-94df-e1ec32a572ae","Grey","Rut","2023-07-05T14:25:23.000000Z","2349058389212"
"dbf6ef5b-72f3-41a2-ba7b-5557ed603f9c","Abed","Abed","2023-07-08T16:06:48.000000Z","2348102652894"
"21f23f3f-93ff-4601-b866-dc3ec9b7fba9","Abed","Joys","2023-07-16T22:54:58.000000Z","2348141775295"
"bd823e70-769b-454d-8aae-92e316ac1126","Joy","Anwuli","2023-07-17T12:30:08.000000Z","2348102562799"
"53c1868d-3a1c-4c6b-afb6-65a96c459641","ATO","Bradley","2023-07-27T00:39:20.000000Z","2342132703695"
"f9cfa5aa-de73-49cd-8b9d-2c33b73df2f3","Luke man","Luke","2023-07-30T07:15:31.000000Z","2349153320825"